{
  "U": [
    57.980595168411355,
    -0.46860425722161647,
    8.827380857515221
  ],
  "R": [
    6.499502879552701,
    16.423134650981844,
    -27.416833615587556
  ],
  "F": [
    33.17885029171,
    -6.773918448039734,
    29.61063182826503
  ],
  "D": [
    64.20995278128338,
    -18.5590687825119,
    48.123611417948176
  ],
  "L": [
    31.429047606630398,
    5.378165354447962,
    24.04866077223231
  ],
  "B": [
    48.61336869056015,
    32.469889305903166,
    40.13242658410967
  ]
}